A1,A2,A3,A4,A5,A6,A7,A8,A9,A10
0.0,0.0,Sex,Job,Housing,Saving accounts,Checking account,0.0,Duration,0.0
0.0,67.0,male,2,own,Missing,little,1169.0,6,0.0
1.0,22.0,female,2,own,little,moderate,5951.0,48,0.0
2.0,49.0,male,1,own,little,Missing,2096.0,12,0.0
3.0,45.0,male,2,free,little,little,7882.0,42,0.0
4.0,53.0,male,2,free,little,little,4870.0,24,0.0
5.0,35.0,male,1,free,Missing,Missing,9055.0,36,0.0
6.0,53.0,male,2,own,quite rich,Missing,2835.0,24,0.0
7.0,35.0,male,3,rent,little,moderate,6948.0,36,0.0
8.0,61.0,male,1,own,rich,Missing,3059.0,12,0.0
9.0,28.0,male,3,own,little,moderate,5234.0,30,0.0
10.0,25.0,female,2,rent,little,moderate,1295.0,12,0.0
11.0,24.0,female,2,rent,little,little,4308.0,48,0.0
12.0,22.0,female,2,own,little,moderate,1567.0,12,0.0
13.0,60.0,male,1,own,little,little,1199.0,24,0.0
14.0,28.0,female,2,rent,little,little,1403.0,15,0.0
15.0,32.0,female,1,own,moderate,little,1282.0,24,0.0
16.0,53.0,male,2,own,Missing,Missing,2424.0,24,0.0
17.0,25.0,male,2,own,Missing,little,8072.0,30,0.0
18.0,44.0,female,3,free,little,moderate,12579.0,24,0.0
19.0,31.0,male,2,own,quite rich,Missing,3430.0,24,0.0
20.0,48.0,male,2,own,little,Missing,2134.0,9,0.0
21.0,44.0,male,2,rent,quite rich,little,2647.0,6,0.0
22.0,48.0,male,1,rent,little,little,2241.0,10,0.0
23.0,44.0,male,2,own,moderate,moderate,1804.0,12,0.0
24.0,26.0,male,2,own,Missing,Missing,2069.0,10,0.0
25.0,36.0,male,1,own,little,little,1374.0,6,0.0
26.0,39.0,male,1,own,little,Missing,426.0,6,0.0
27.0,42.0,female,2,rent,rich,rich,409.0,12,0.0
28.0,34.0,male,2,own,little,moderate,2415.0,7,0.0
29.0,63.0,male,2,own,little,little,6836.0,60,0.0
30.0,36.0,male,2,own,rich,moderate,1913.0,18,0.0
31.0,27.0,male,2,own,little,little,4020.0,24,0.0
32.0,30.0,male,2,own,moderate,moderate,5866.0,18,0.0
33.0,57.0,male,1,rent,Missing,Missing,1264.0,12,0.0
34.0,33.0,female,3,own,little,rich,1474.0,12,0.0
35.0,25.0,male,1,own,little,moderate,4746.0,45,0.0
36.0,31.0,male,2,free,little,Missing,6110.0,48,0.0
37.0,37.0,male,2,own,little,rich,2100.0,18,0.0
38.0,37.0,male,2,own,little,rich,1225.0,10,0.0
39.0,24.0,male,2,own,little,moderate,458.0,9,0.0
40.0,30.0,male,3,own,quite rich,Missing,2333.0,30,0.0
41.0,26.0,male,2,own,quite rich,moderate,1158.0,12,0.0
42.0,44.0,male,1,own,little,moderate,6204.0,18,0.0
43.0,24.0,male,2,rent,moderate,little,6187.0,30,0.0
44.0,58.0,female,1,free,little,little,6143.0,48,0.0
45.0,35.0,female,3,own,little,Missing,1393.0,11,0.0
46.0,39.0,male,2,own,quite rich,Missing,2299.0,36,0.0
47.0,23.0,female,0,rent,quite rich,little,1352.0,6,0.0
48.0,39.0,male,1,own,little,Missing,7228.0,11,0.0
49.0,28.0,female,2,own,moderate,Missing,2073.0,12,0.0
50.0,29.0,male,1,own,Missing,moderate,2333.0,24,0.0
51.0,30.0,male,3,own,little,moderate,5965.0,27,0.0
52.0,25.0,male,2,own,little,Missing,1262.0,12,0.0
53.0,31.0,male,2,own,Missing,Missing,3378.0,18,0.0
54.0,57.0,male,2,free,little,moderate,2225.0,36,0.0
55.0,26.0,male,1,own,Missing,Missing,783.0,6,0.0
56.0,52.0,male,3,own,Missing,moderate,6468.0,12,0.0
57.0,31.0,female,2,own,little,Missing,9566.0,36,0.0
58.0,23.0,female,3,own,little,rich,1961.0,18,0.0
59.0,23.0,female,1,rent,little,little,6229.0,36,0.0
60.0,27.0,male,2,own,little,moderate,1391.0,9,0.0
61.0,50.0,male,2,own,Missing,moderate,1537.0,15,0.0
62.0,61.0,male,3,free,little,moderate,1953.0,36,0.0
63.0,25.0,male,2,own,little,moderate,14421.0,48,0.0
64.0,26.0,female,2,own,little,Missing,3181.0,24,0.0
65.0,48.0,male,2,own,Missing,Missing,5190.0,27,0.0
66.0,29.0,female,2,own,little,Missing,2171.0,12,0.0
67.0,22.0,male,2,own,rich,moderate,1007.0,12,0.0
68.0,37.0,male,2,free,little,Missing,1819.0,36,0.0
69.0,25.0,female,2,own,Missing,Missing,2394.0,36,0.0
70.0,30.0,female,2,own,little,Missing,8133.0,36,0.0
71.0,46.0,male,1,rent,Missing,Missing,730.0,7,0.0
72.0,51.0,male,3,free,little,little,1164.0,8,0.0
73.0,41.0,female,1,own,little,moderate,5954.0,42,0.0
74.0,40.0,male,3,own,Missing,little,1977.0,36,0.0
75.0,66.0,male,3,free,little,little,1526.0,12,0.0
76.0,34.0,male,2,own,little,little,3965.0,42,0.0
77.0,51.0,male,2,own,little,moderate,4771.0,11,0.0
78.0,39.0,male,1,own,Missing,Missing,9436.0,54,0.0
79.0,22.0,male,2,own,little,moderate,3832.0,30,0.0
80.0,44.0,female,2,own,Missing,Missing,5943.0,24,0.0
81.0,47.0,male,2,own,quite rich,Missing,1213.0,15,0.0
82.0,24.0,female,1,rent,moderate,Missing,1568.0,18,0.0
83.0,58.0,female,1,own,little,little,1755.0,24,0.0
84.0,52.0,male,1,own,little,little,2315.0,10,0.0
85.0,29.0,female,3,own,little,Missing,1412.0,12,0.0
86.0,27.0,female,2,own,little,moderate,1295.0,18,0.0
87.0,47.0,male,2,free,moderate,moderate,12612.0,36,0.0
88.0,30.0,male,3,own,moderate,little,2249.0,18,0.0
89.0,28.0,male,2,own,little,little,1108.0,12,0.0
90.0,56.0,male,2,own,little,Missing,618.0,12,0.0
91.0,54.0,male,2,own,little,little,1409.0,12,0.0
92.0,33.0,female,1,own,Missing,Missing,797.0,12,0.0
93.0,20.0,male,2,rent,Missing,rich,3617.0,24,0.0
94.0,54.0,male,2,own,rich,moderate,1318.0,12,0.0
95.0,58.0,male,2,rent,little,moderate,15945.0,54,0.0
96.0,61.0,female,2,own,Missing,Missing,2012.0,12,0.0
97.0,34.0,male,2,own,moderate,moderate,2622.0,18,0.0
98.0,36.0,male,2,own,little,moderate,2337.0,36,0.0
99.0,36.0,male,3,rent,Missing,moderate,7057.0,20,0.0
100.0,41.0,male,1,rent,moderate,Missing,1469.0,24,0.0
101.0,24.0,male,2,rent,little,moderate,2323.0,36,0.0
102.0,24.0,female,2,own,little,Missing,932.0,6,0.0
103.0,35.0,male,2,rent,little,moderate,1919.0,9,0.0
104.0,26.0,male,2,rent,Missing,Missing,2445.0,12,0.0
105.0,39.0,male,3,own,little,moderate,11938.0,24,0.0
106.0,39.0,male,3,own,little,Missing,6458.0,18,0.0
107.0,32.0,male,2,own,little,moderate,6078.0,12,0.0
108.0,30.0,female,2,own,Missing,little,7721.0,24,0.0
109.0,35.0,male,2,own,quite rich,moderate,1410.0,14,0.0
110.0,31.0,male,2,own,moderate,moderate,1449.0,6,0.0
111.0,23.0,female,2,rent,little,rich,392.0,15,0.0
112.0,28.0,male,1,rent,little,moderate,6260.0,18,0.0
113.0,25.0,female,2,own,little,Missing,7855.0,36,0.0
114.0,35.0,male,2,own,quite rich,little,1680.0,12,0.0
115.0,47.0,male,2,own,Missing,Missing,3578.0,48,0.0
116.0,30.0,female,3,own,Missing,little,7174.0,42,0.0
117.0,27.0,female,2,rent,Missing,little,2132.0,10,0.0
118.0,23.0,female,2,own,quite rich,little,4281.0,33,0.0
119.0,36.0,male,3,own,quite rich,moderate,2366.0,12,0.0
120.0,25.0,female,2,own,little,little,1835.0,21,0.0
121.0,41.0,female,3,rent,little,Missing,3868.0,24,0.0
122.0,24.0,male,1,rent,little,Missing,1768.0,12,0.0
123.0,63.0,male,2,free,little,rich,781.0,10,0.0
124.0,27.0,female,2,rent,Missing,moderate,1924.0,18,0.0
125.0,30.0,male,2,own,little,little,2121.0,12,0.0
126.0,40.0,male,1,own,little,little,701.0,12,0.0
127.0,30.0,male,2,own,little,moderate,639.0,12,0.0
128.0,34.0,male,3,own,little,moderate,1860.0,12,0.0
129.0,29.0,female,2,own,little,little,3499.0,12,0.0
130.0,24.0,female,2,own,Missing,moderate,8487.0,48,0.0
131.0,29.0,male,2,own,little,little,6887.0,36,0.0
132.0,27.0,male,1,own,little,Missing,2708.0,15,0.0
133.0,47.0,male,2,free,little,Missing,1984.0,18,0.0
134.0,21.0,female,2,own,moderate,Missing,10144.0,60,0.0
135.0,38.0,female,2,own,Missing,Missing,1240.0,12,0.0
136.0,27.0,male,2,own,rich,Missing,8613.0,27,0.0
137.0,66.0,male,1,own,quite rich,moderate,766.0,12,0.0
138.0,35.0,male,2,own,Missing,moderate,2728.0,15,0.0
139.0,44.0,female,1,rent,little,rich,1881.0,12,0.0
140.0,27.0,male,0,own,rich,rich,709.0,6,0.0
141.0,30.0,female,3,own,little,moderate,4795.0,36,0.0
142.0,27.0,male,3,own,little,little,3416.0,27,0.0
143.0,22.0,male,2,own,little,little,2462.0,18,0.0
144.0,23.0,female,2,own,little,Missing,2288.0,21,0.0
145.0,30.0,male,2,own,moderate,moderate,3566.0,48,0.0
146.0,39.0,female,2,own,little,little,860.0,6,0.0
147.0,51.0,female,2,own,moderate,Missing,682.0,12,0.0
148.0,28.0,male,2,own,little,little,5371.0,36,0.0
149.0,46.0,male,2,own,rich,Missing,1582.0,18,0.0
150.0,42.0,male,2,free,moderate,Missing,1346.0,6,0.0
151.0,38.0,male,2,own,little,Missing,1924.0,10,0.0
152.0,24.0,male,2,own,little,rich,5848.0,36,0.0
153.0,29.0,female,2,rent,rich,moderate,7758.0,24,0.0
154.0,36.0,male,3,rent,moderate,moderate,6967.0,24,0.0
155.0,20.0,female,2,rent,little,little,1282.0,12,0.0
156.0,48.0,male,2,own,moderate,little,1288.0,9,0.0
157.0,45.0,male,1,own,little,little,339.0,12,0.0
158.0,38.0,male,2,own,moderate,moderate,3512.0,24,0.0
159.0,34.0,male,1,own,Missing,Missing,1898.0,6,0.0
160.0,36.0,male,2,own,moderate,Missing,2872.0,24,0.0
161.0,30.0,female,2,own,little,Missing,1055.0,18,0.0
162.0,36.0,male,2,own,quite rich,Missing,1262.0,15,0.0
163.0,70.0,male,3,free,little,moderate,7308.0,10,0.0
164.0,36.0,male,2,own,quite rich,Missing,909.0,36,0.0
165.0,32.0,male,2,own,quite rich,Missing,2978.0,6,0.0
166.0,33.0,female,2,own,little,little,1131.0,18,0.0
167.0,20.0,female,2,own,rich,moderate,1577.0,11,0.0
168.0,25.0,female,2,rent,little,Missing,3972.0,24,0.0
169.0,31.0,male,2,own,little,moderate,1935.0,24,0.0
170.0,33.0,male,2,rent,little,little,950.0,15,0.0
171.0,26.0,female,2,own,little,Missing,763.0,12,0.0
172.0,34.0,female,3,own,little,moderate,2064.0,24,0.0
173.0,33.0,male,2,own,little,moderate,1414.0,8,0.0
174.0,26.0,male,2,own,little,little,3414.0,21,0.0
175.0,53.0,female,3,own,Missing,Missing,7485.0,30,0.0
176.0,42.0,male,2,own,little,little,2577.0,12,0.0
177.0,52.0,male,2,own,quite rich,little,338.0,6,0.0
178.0,31.0,male,3,rent,little,Missing,1963.0,12,0.0
179.0,65.0,male,2,own,little,little,571.0,21,0.0
180.0,28.0,male,2,own,little,Missing,9572.0,36,0.0
181.0,30.0,male,3,own,little,moderate,4455.0,36,0.0
182.0,40.0,male,1,own,Missing,little,1647.0,21,0.0
183.0,50.0,male,2,own,rich,Missing,3777.0,24,0.0
184.0,36.0,male,2,own,little,moderate,884.0,18,0.0
185.0,31.0,male,2,own,little,Missing,1360.0,15,0.0
186.0,74.0,female,3,free,little,moderate,5129.0,9,0.0
187.0,68.0,male,0,free,little,moderate,1175.0,16,0.0
188.0,20.0,male,2,own,moderate,little,674.0,12,0.0
189.0,33.0,female,2,own,little,moderate,3244.0,18,0.0
190.0,54.0,male,3,own,rich,Missing,4591.0,24,0.0
191.0,34.0,male,1,free,moderate,moderate,3844.0,48,0.0
192.0,36.0,male,2,own,little,moderate,3915.0,27,0.0
193.0,29.0,male,2,rent,little,Missing,2108.0,6,0.0
194.0,21.0,male,2,rent,moderate,moderate,3031.0,45,0.0
195.0,34.0,female,3,own,little,moderate,1501.0,9,0.0
196.0,28.0,female,2,own,little,Missing,1382.0,6,0.0
197.0,27.0,female,2,rent,moderate,moderate,951.0,12,0.0
198.0,36.0,male,2,free,Missing,moderate,2760.0,24,0.0
199.0,40.0,male,3,own,little,moderate,4297.0,18,0.0
200.0,52.0,male,2,own,quite rich,Missing,936.0,9,0.0
201.0,27.0,male,1,own,little,little,1168.0,12,0.0
202.0,26.0,male,2,own,little,Missing,5117.0,27,0.0
203.0,21.0,male,2,rent,little,little,902.0,12,0.0
204.0,38.0,male,1,own,little,Missing,1495.0,12,0.0
205.0,38.0,male,3,free,little,little,10623.0,30,0.0
206.0,43.0,male,2,own,little,Missing,1935.0,12,0.0
207.0,26.0,male,2,own,little,moderate,1424.0,12,0.0
208.0,21.0,male,1,own,little,little,6568.0,24,0.0
209.0,55.0,male,2,own,rich,Missing,1413.0,12,0.0
210.0,33.0,male,2,own,Missing,Missing,3074.0,9,0.0
211.0,45.0,female,1,own,Missing,Missing,3835.0,36,0.0
212.0,50.0,male,2,own,little,little,5293.0,27,0.0
213.0,66.0,male,3,own,little,rich,1908.0,30,0.0
214.0,51.0,male,2,own,Missing,Missing,3342.0,36,0.0
215.0,39.0,female,1,own,Missing,moderate,932.0,6,0.0
216.0,31.0,male,2,own,little,little,3104.0,18,0.0
217.0,23.0,male,2,own,little,rich,3913.0,36,0.0
218.0,24.0,male,1,rent,little,little,3021.0,24,0.0
219.0,64.0,female,2,own,little,Missing,1364.0,10,0.0
220.0,26.0,male,1,own,little,moderate,625.0,12,0.0
221.0,23.0,female,2,rent,Missing,little,1200.0,12,0.0
222.0,30.0,male,2,own,little,Missing,707.0,12,0.0
223.0,32.0,male,2,own,Missing,Missing,2978.0,24,0.0
224.0,30.0,male,2,own,little,Missing,4657.0,15,0.0
225.0,27.0,male,2,own,little,Missing,2613.0,36,0.0
226.0,27.0,male,2,own,rich,moderate,10961.0,48,0.0
227.0,53.0,male,3,free,little,little,7865.0,12,0.0
228.0,22.0,male,2,own,little,Missing,1478.0,9,0.0
229.0,22.0,male,2,free,little,little,3149.0,24,0.0
230.0,26.0,male,2,own,little,rich,4210.0,36,0.0
231.0,51.0,male,1,free,quite rich,Missing,2507.0,9,0.0
232.0,35.0,male,2,own,moderate,Missing,2141.0,12,0.0
233.0,25.0,male,1,own,little,moderate,866.0,18,0.0
234.0,42.0,male,1,own,little,Missing,1544.0,4,0.0
235.0,30.0,male,3,own,little,little,1823.0,24,0.0
236.0,23.0,male,0,own,Missing,moderate,14555.0,6,0.0
237.0,61.0,male,1,rent,moderate,moderate,2767.0,21,0.0
238.0,35.0,female,2,own,little,Missing,1291.0,12,0.0
239.0,39.0,male,2,own,little,little,2522.0,30,0.0
240.0,29.0,female,2,own,Missing,little,915.0,24,0.0
241.0,51.0,male,2,own,little,Missing,1595.0,6,0.0
242.0,24.0,male,2,free,little,little,4605.0,48,0.0
243.0,27.0,female,2,own,little,Missing,1185.0,12,0.0
244.0,35.0,female,1,own,quite rich,Missing,3447.0,12,0.0
245.0,25.0,male,2,own,little,Missing,1258.0,24,0.0
246.0,52.0,male,2,own,little,Missing,717.0,12,0.0
247.0,35.0,male,2,rent,moderate,Missing,1204.0,6,0.0
248.0,26.0,male,2,own,little,rich,1925.0,24,0.0
249.0,22.0,female,2,rent,little,Missing,433.0,18,0.0
250.0,39.0,female,1,own,rich,little,666.0,6,0.0
251.0,46.0,female,1,own,little,rich,2251.0,12,0.0
252.0,24.0,female,2,own,little,moderate,2150.0,30,0.0
253.0,35.0,male,2,own,moderate,Missing,4151.0,24,0.0
254.0,24.0,male,2,own,Missing,moderate,2030.0,9,0.0
255.0,27.0,male,1,own,Missing,moderate,7418.0,60,0.0
256.0,35.0,male,1,own,little,Missing,2684.0,24,0.0
257.0,29.0,male,2,free,little,little,2149.0,12,0.0
258.0,23.0,female,2,own,moderate,Missing,3812.0,15,0.0
259.0,57.0,female,1,own,moderate,Missing,1154.0,11,0.0
260.0,27.0,male,2,own,little,little,1657.0,12,0.0
261.0,55.0,female,2,own,little,little,1603.0,24,0.0
262.0,36.0,male,3,free,little,little,5302.0,18,0.0
263.0,57.0,female,1,free,little,Missing,2748.0,12,0.0
264.0,32.0,male,1,own,little,Missing,1231.0,10,0.0
265.0,37.0,male,2,own,little,moderate,802.0,15,0.0
266.0,36.0,male,2,own,Missing,Missing,6304.0,36,0.0
267.0,38.0,female,2,own,little,Missing,1533.0,24,0.0
268.0,45.0,male,3,own,little,little,8978.0,14,0.0
269.0,25.0,male,2,own,Missing,Missing,999.0,24,0.0
270.0,32.0,male,2,own,Missing,Missing,2662.0,18,0.0
271.0,37.0,female,2,rent,quite rich,Missing,1402.0,12,0.0
272.0,36.0,male,3,free,Missing,moderate,12169.0,48,0.0
273.0,28.0,male,2,own,little,moderate,3060.0,48,0.0
274.0,34.0,male,1,own,little,little,11998.0,30,0.0
275.0,32.0,male,2,own,little,Missing,2697.0,9,0.0
276.0,26.0,female,2,own,little,Missing,2404.0,18,0.0
277.0,49.0,male,1,own,Missing,little,1262.0,12,0.0
278.0,32.0,female,2,own,little,Missing,4611.0,6,0.0
279.0,29.0,male,3,rent,moderate,Missing,1901.0,24,0.0
280.0,23.0,male,2,rent,rich,Missing,3368.0,15,0.0
281.0,50.0,male,2,own,little,Missing,1574.0,12,0.0
282.0,49.0,male,1,own,Missing,rich,1445.0,18,0.0
283.0,63.0,male,2,own,Missing,Missing,1520.0,15,0.0
284.0,37.0,male,2,own,moderate,moderate,3878.0,24,0.0
285.0,35.0,female,1,own,little,little,10722.0,47,0.0
286.0,26.0,male,2,own,little,little,4788.0,48,0.0
287.0,31.0,male,3,free,moderate,moderate,7582.0,48,0.0
288.0,49.0,female,2,own,little,moderate,1092.0,12,0.0
289.0,48.0,male,2,own,little,little,1024.0,24,0.0
290.0,26.0,male,2,own,little,Missing,1076.0,12,0.0
291.0,28.0,male,3,rent,little,moderate,9398.0,36,0.0
292.0,44.0,female,3,free,little,little,6419.0,24,0.0
293.0,56.0,male,2,free,little,rich,4796.0,42,0.0
294.0,46.0,male,3,own,Missing,Missing,7629.0,48,0.0
295.0,26.0,female,2,own,little,moderate,9960.0,48,0.0
296.0,20.0,female,2,rent,Missing,Missing,4675.0,12,0.0
297.0,45.0,male,1,own,Missing,Missing,1287.0,10,0.0
298.0,43.0,male,2,own,little,Missing,2515.0,18,0.0
299.0,32.0,male,2,own,rich,moderate,2745.0,21,0.0
300.0,54.0,female,0,own,little,Missing,672.0,6,0.0
301.0,42.0,female,2,own,little,moderate,3804.0,36,0.0
302.0,37.0,male,1,own,Missing,rich,1344.0,24,0.0
303.0,49.0,male,2,own,little,little,1038.0,10,0.0
304.0,44.0,male,2,free,quite rich,Missing,10127.0,48,0.0
305.0,33.0,male,2,own,rich,Missing,1543.0,6,0.0
306.0,24.0,female,1,rent,Missing,Missing,4811.0,30,0.0
307.0,33.0,male,1,own,moderate,little,727.0,12,0.0
308.0,24.0,female,2,own,little,moderate,1237.0,8,0.0
309.0,22.0,male,1,rent,little,moderate,276.0,9,0.0
310.0,40.0,male,0,free,Missing,moderate,5381.0,48,0.0
311.0,25.0,male,2,own,moderate,Missing,5511.0,24,0.0
312.0,26.0,female,2,own,little,rich,3749.0,24,0.0
313.0,25.0,male,1,own,little,moderate,685.0,12,0.0
314.0,29.0,male,1,own,Missing,rich,1494.0,4,0.0
315.0,31.0,male,2,own,little,little,2746.0,36,0.0
316.0,38.0,male,1,own,little,little,708.0,12,0.0
317.0,48.0,female,1,own,Missing,moderate,4351.0,24,0.0
318.0,32.0,male,2,own,little,Missing,701.0,12,0.0
319.0,27.0,female,1,own,little,little,3643.0,15,0.0
320.0,28.0,male,3,own,little,moderate,4249.0,30,0.0
321.0,32.0,male,2,own,little,little,1938.0,24,0.0
322.0,34.0,male,3,free,little,little,2910.0,24,0.0
323.0,28.0,male,2,own,rich,little,2659.0,18,0.0
324.0,36.0,female,2,own,little,Missing,1028.0,18,0.0
325.0,39.0,male,1,own,little,little,3398.0,8,0.0
326.0,49.0,male,2,rent,Missing,Missing,5801.0,12,0.0
327.0,34.0,female,2,own,rich,Missing,1525.0,24,0.0
328.0,31.0,male,2,own,little,rich,4473.0,36,0.0
329.0,28.0,male,2,own,little,moderate,1068.0,6,0.0
330.0,75.0,male,3,free,little,little,6615.0,24,0.0
331.0,30.0,female,2,own,moderate,Missing,1864.0,18,0.0
332.0,24.0,female,3,own,moderate,moderate,7408.0,60,0.0
333.0,24.0,female,1,rent,moderate,Missing,11590.0,48,0.0
334.0,23.0,male,2,rent,little,little,4110.0,24,0.0
335.0,44.0,male,3,rent,little,little,3384.0,6,0.0
336.0,23.0,female,1,own,little,moderate,2101.0,13,0.0
337.0,24.0,female,2,rent,Missing,little,1275.0,15,0.0
338.0,28.0,male,2,own,little,little,4169.0,24,0.0
339.0,31.0,male,1,own,little,moderate,1521.0,10,0.0
340.0,24.0,female,2,free,little,moderate,5743.0,24,0.0
341.0,26.0,female,1,rent,little,little,3599.0,21,0.0
342.0,25.0,male,2,rent,quite rich,moderate,3213.0,18,0.0
343.0,33.0,male,3,own,little,moderate,4439.0,18,0.0
344.0,37.0,male,1,own,little,rich,3949.0,10,0.0
345.0,43.0,female,1,own,little,Missing,1459.0,15,0.0
346.0,23.0,male,2,own,little,moderate,882.0,13,0.0
347.0,23.0,female,0,rent,quite rich,moderate,3758.0,24,0.0
348.0,34.0,male,1,own,moderate,Missing,1743.0,6,0.0
349.0,32.0,male,2,free,rich,moderate,1136.0,9,0.0
350.0,23.0,female,2,rent,little,Missing,1236.0,9,0.0
351.0,29.0,female,2,own,little,moderate,959.0,9,0.0
352.0,38.0,male,3,own,Missing,Missing,3229.0,18,0.0
353.0,28.0,male,2,rent,little,little,6199.0,12,0.0
354.0,46.0,male,2,free,quite rich,Missing,727.0,10,0.0
355.0,23.0,male,1,own,little,moderate,1246.0,24,0.0
356.0,49.0,male,2,own,Missing,Missing,2331.0,12,0.0
357.0,26.0,male,3,own,little,Missing,4463.0,36,0.0
358.0,28.0,male,2,own,little,Missing,776.0,12,0.0
359.0,23.0,female,2,rent,little,little,2406.0,30,0.0
360.0,61.0,male,2,free,Missing,moderate,1239.0,18,0.0
361.0,37.0,male,3,own,Missing,rich,3399.0,12,0.0
362.0,36.0,female,2,own,little,rich,2247.0,12,0.0
363.0,21.0,male,2,rent,little,Missing,1766.0,6,0.0
364.0,25.0,male,0,own,little,little,2473.0,18,0.0
365.0,36.0,male,2,own,little,Missing,1542.0,12,0.0
366.0,27.0,male,2,own,little,Missing,3850.0,18,0.0
367.0,22.0,female,2,rent,little,little,3650.0,18,0.0
368.0,42.0,male,2,own,little,little,3446.0,36,0.0
369.0,40.0,female,2,rent,little,moderate,3001.0,18,0.0
370.0,36.0,male,2,own,Missing,Missing,3079.0,36,0.0
371.0,33.0,male,2,own,little,Missing,6070.0,18,0.0
372.0,23.0,female,2,rent,little,Missing,2146.0,10,0.0
373.0,63.0,male,3,free,Missing,Missing,13756.0,60,0.0
374.0,60.0,female,3,free,moderate,moderate,14782.0,60,0.0
375.0,37.0,female,2,rent,little,little,7685.0,48,0.0
376.0,34.0,male,2,own,little,Missing,2320.0,18,0.0
377.0,36.0,male,2,free,Missing,Missing,846.0,7,0.0
378.0,57.0,male,3,free,little,moderate,14318.0,36,0.0
379.0,52.0,female,1,own,moderate,Missing,362.0,6,0.0
380.0,39.0,male,2,own,Missing,little,2212.0,20,0.0
381.0,38.0,female,3,free,little,moderate,12976.0,18,0.0
382.0,25.0,female,2,rent,Missing,Missing,1283.0,22,0.0
383.0,26.0,male,2,own,little,rich,1330.0,12,0.0
384.0,26.0,male,1,own,moderate,Missing,4272.0,30,0.0
385.0,25.0,female,2,own,little,Missing,2238.0,18,0.0
386.0,21.0,female,2,rent,Missing,Missing,1126.0,18,0.0
387.0,40.0,male,3,own,little,moderate,7374.0,18,0.0
388.0,27.0,male,2,own,quite rich,moderate,2326.0,15,0.0
389.0,27.0,female,2,own,little,Missing,1449.0,9,0.0
390.0,30.0,male,3,own,little,Missing,1820.0,18,0.0
391.0,19.0,female,1,rent,rich,moderate,983.0,12,0.0
392.0,39.0,male,3,free,little,little,3249.0,36,0.0
393.0,31.0,female,2,own,little,little,1957.0,6,0.0
394.0,31.0,male,3,own,little,Missing,2406.0,9,0.0
395.0,32.0,male,2,rent,moderate,moderate,11760.0,39,0.0
396.0,55.0,female,3,free,little,little,2578.0,12,0.0
397.0,46.0,male,2,own,little,little,2348.0,36,0.0
398.0,46.0,male,2,rent,little,moderate,1223.0,12,0.0
399.0,43.0,female,1,own,rich,Missing,1516.0,24,0.0
400.0,39.0,male,2,own,little,Missing,1473.0,18,0.0
401.0,28.0,male,2,own,Missing,moderate,1887.0,18,0.0
402.0,27.0,male,2,own,little,Missing,8648.0,24,0.0
403.0,27.0,male,1,own,little,Missing,802.0,14,0.0
404.0,43.0,male,2,own,Missing,moderate,2899.0,18,0.0
405.0,22.0,male,2,own,little,moderate,2039.0,24,0.0
406.0,43.0,male,2,own,Missing,Missing,2197.0,24,0.0
407.0,27.0,male,2,own,little,little,1053.0,15,0.0
408.0,26.0,male,3,own,quite rich,Missing,3235.0,24,0.0
409.0,28.0,male,2,own,quite rich,rich,939.0,12,0.0
410.0,20.0,female,2,own,little,moderate,1967.0,24,0.0
411.0,35.0,male,3,own,little,Missing,7253.0,33,0.0
412.0,42.0,male,3,own,little,Missing,2292.0,12,0.0
413.0,40.0,male,1,rent,quite rich,Missing,1597.0,10,0.0
414.0,35.0,female,2,own,Missing,little,1381.0,24,0.0
415.0,35.0,male,2,own,little,Missing,5842.0,36,0.0
416.0,33.0,male,1,own,little,little,2579.0,12,0.0
417.0,23.0,female,2,rent,Missing,little,8471.0,18,0.0
418.0,31.0,female,3,own,quite rich,Missing,2782.0,21,0.0
419.0,33.0,female,2,own,Missing,moderate,1042.0,18,0.0
420.0,20.0,female,2,rent,rich,Missing,3186.0,15,0.0
421.0,30.0,male,2,own,Missing,moderate,2028.0,12,0.0
422.0,47.0,male,1,own,little,moderate,958.0,12,0.0
423.0,34.0,male,3,own,moderate,Missing,1591.0,21,0.0
424.0,25.0,female,2,own,Missing,moderate,2762.0,12,0.0
425.0,21.0,male,2,rent,little,moderate,2779.0,18,0.0
426.0,29.0,male,2,own,little,Missing,2743.0,28,0.0
427.0,46.0,male,2,own,rich,Missing,1149.0,18,0.0
428.0,20.0,male,2,own,little,Missing,1313.0,9,0.0
429.0,55.0,female,0,free,little,little,1190.0,18,0.0
430.0,74.0,male,1,own,little,Missing,3448.0,5,0.0
431.0,29.0,male,3,own,little,moderate,11328.0,24,0.0
432.0,36.0,male,3,free,little,little,1872.0,6,0.0
433.0,33.0,male,2,own,little,Missing,2058.0,24,0.0
434.0,25.0,male,2,own,little,little,2136.0,9,0.0
435.0,25.0,male,2,own,Missing,moderate,1484.0,12,0.0
436.0,23.0,male,1,rent,quite rich,Missing,660.0,6,0.0
437.0,37.0,female,2,own,rich,Missing,1287.0,24,0.0
438.0,65.0,male,0,own,little,little,3394.0,42,0.0
439.0,26.0,female,0,own,little,rich,609.0,12,0.0
440.0,39.0,male,3,own,little,Missing,1884.0,12,0.0
441.0,30.0,female,2,own,little,little,1620.0,12,0.0
442.0,29.0,male,2,own,little,moderate,2629.0,20,0.0
443.0,41.0,male,1,own,little,Missing,719.0,12,0.0
444.0,30.0,female,3,own,little,moderate,5096.0,48,0.0
445.0,41.0,female,1,rent,Missing,Missing,1244.0,9,0.0
446.0,34.0,female,2,own,little,little,1842.0,36,0.0
447.0,35.0,male,2,own,little,moderate,2576.0,7,0.0
448.0,55.0,female,3,own,Missing,rich,1424.0,12,0.0
449.0,61.0,male,2,own,rich,moderate,1512.0,15,0.0
450.0,30.0,male,3,own,Missing,Missing,11054.0,36,0.0
451.0,29.0,female,2,own,little,Missing,518.0,6,0.0
452.0,34.0,male,2,own,little,Missing,2759.0,12,0.0
453.0,35.0,male,3,own,little,Missing,2670.0,24,0.0
454.0,31.0,male,2,own,little,little,4817.0,24,0.0
455.0,29.0,female,3,own,little,Missing,2679.0,24,0.0
456.0,36.0,male,2,rent,little,little,3905.0,11,0.0
457.0,35.0,male,2,free,little,little,3386.0,12,0.0
458.0,27.0,female,2,own,little,little,343.0,6,0.0
459.0,32.0,male,2,own,little,Missing,4594.0,18,0.0
460.0,37.0,male,2,own,little,little,3620.0,36,0.0
461.0,36.0,male,2,own,little,little,1721.0,15,0.0
462.0,34.0,female,3,rent,little,moderate,3017.0,12,0.0
463.0,38.0,male,2,own,Missing,moderate,754.0,12,0.0
464.0,34.0,male,2,own,little,Missing,1950.0,18,0.0
465.0,63.0,male,2,own,little,little,2924.0,24,0.0
466.0,29.0,female,1,rent,little,little,1659.0,24,0.0
467.0,32.0,male,2,own,Missing,Missing,7238.0,48,0.0
468.0,26.0,female,2,own,little,Missing,2764.0,33,0.0
469.0,35.0,male,1,own,little,Missing,4679.0,24,0.0
470.0,22.0,male,2,rent,moderate,moderate,3092.0,24,0.0
471.0,23.0,female,2,own,little,little,448.0,6,0.0
472.0,28.0,male,1,own,little,little,654.0,9,0.0
473.0,36.0,male,3,own,Missing,Missing,1238.0,6,0.0
474.0,33.0,male,2,own,little,moderate,1245.0,18,0.0
475.0,26.0,female,2,rent,little,little,3114.0,18,0.0
476.0,24.0,male,2,own,quite rich,Missing,2569.0,39,0.0
477.0,25.0,male,2,own,little,rich,5152.0,24,0.0
478.0,39.0,male,1,own,moderate,moderate,1037.0,12,0.0
479.0,44.0,male,2,own,little,little,1478.0,15,0.0
480.0,23.0,female,1,own,little,moderate,3573.0,12,0.0
481.0,26.0,male,2,own,little,moderate,1201.0,24,0.0
482.0,57.0,female,2,rent,rich,little,3622.0,30,0.0
483.0,30.0,female,2,own,rich,Missing,960.0,15,0.0
484.0,44.0,male,2,own,quite rich,Missing,1163.0,12,0.0
485.0,47.0,male,3,own,little,moderate,1209.0,6,0.0
486.0,52.0,male,2,own,little,Missing,3077.0,12,0.0
487.0,62.0,female,2,free,little,Missing,3757.0,24,0.0
488.0,35.0,male,1,rent,moderate,Missing,1418.0,10,0.0
489.0,26.0,male,2,rent,little,Missing,3518.0,6,0.0
490.0,26.0,male,2,own,little,Missing,1934.0,12,0.0
491.0,42.0,female,3,free,little,moderate,8318.0,27,0.0
492.0,27.0,female,2,own,moderate,Missing,1237.0,6,0.0
493.0,38.0,male,2,own,Missing,moderate,368.0,6,0.0
494.0,39.0,male,1,rent,little,little,2122.0,12,0.0
495.0,20.0,male,2,own,Missing,little,2996.0,24,0.0
496.0,29.0,male,3,rent,moderate,moderate,9034.0,36,0.0
497.0,40.0,male,2,own,little,Missing,1585.0,24,0.0
498.0,32.0,male,1,own,little,moderate,1301.0,18,0.0
499.0,28.0,male,2,own,moderate,rich,1323.0,6,0.0
500.0,27.0,female,2,own,little,little,3123.0,24,0.0
501.0,42.0,male,2,free,little,little,5493.0,36,0.0
502.0,49.0,male,2,own,moderate,rich,1126.0,9,0.0
503.0,38.0,male,2,own,moderate,moderate,1216.0,24,0.0
504.0,24.0,female,2,rent,little,little,1207.0,24,0.0
505.0,27.0,male,1,own,Missing,Missing,1309.0,10,0.0
506.0,36.0,male,2,own,quite rich,rich,2360.0,15,0.0
507.0,34.0,male,3,own,moderate,moderate,6850.0,15,0.0
508.0,28.0,male,2,own,little,Missing,1413.0,24,0.0
509.0,45.0,male,3,own,moderate,Missing,8588.0,39,0.0
510.0,26.0,male,2,own,little,little,759.0,12,0.0
511.0,32.0,male,3,free,little,Missing,4686.0,36,0.0
512.0,26.0,male,2,rent,little,rich,2687.0,15,0.0
513.0,20.0,male,2,rent,little,moderate,585.0,12,0.0
514.0,54.0,male,2,own,Missing,Missing,2255.0,24,0.0
515.0,37.0,female,2,own,little,little,609.0,6,0.0
516.0,40.0,male,1,own,little,little,1361.0,6,0.0
517.0,23.0,female,2,rent,little,Missing,7127.0,36,0.0
518.0,43.0,male,2,own,moderate,little,1203.0,6,0.0
519.0,36.0,male,2,free,Missing,Missing,700.0,6,0.0
520.0,44.0,male,2,free,little,Missing,5507.0,24,0.0
521.0,24.0,female,2,own,little,little,3190.0,18,0.0
522.0,53.0,male,2,free,little,little,7119.0,48,0.0
523.0,23.0,female,2,own,moderate,Missing,3488.0,24,0.0
524.0,26.0,female,1,own,little,moderate,1113.0,18,0.0
525.0,30.0,male,2,own,little,moderate,7966.0,26,0.0
526.0,31.0,female,2,own,moderate,Missing,1532.0,15,0.0
527.0,42.0,male,1,own,little,Missing,1503.0,4,0.0
528.0,31.0,male,2,rent,little,little,2302.0,36,0.0
529.0,41.0,male,1,own,little,little,662.0,6,0.0
530.0,32.0,male,2,own,little,moderate,2273.0,36,0.0
531.0,28.0,female,2,rent,moderate,moderate,2631.0,15,0.0
532.0,41.0,male,2,rent,little,Missing,1503.0,12,0.0
533.0,26.0,male,2,own,moderate,Missing,1311.0,24,0.0
534.0,25.0,male,2,own,Missing,Missing,3105.0,24,0.0
535.0,33.0,male,2,rent,little,rich,2319.0,21,0.0
536.0,75.0,female,3,own,Missing,little,1374.0,6,0.0
537.0,37.0,female,2,own,little,moderate,3612.0,18,0.0
538.0,42.0,male,3,free,little,little,7763.0,48,0.0
539.0,45.0,female,1,own,little,rich,3049.0,18,0.0
540.0,23.0,male,2,rent,little,moderate,1534.0,12,0.0
541.0,60.0,male,2,free,little,Missing,2032.0,24,0.0
542.0,31.0,male,2,own,Missing,little,6350.0,30,0.0
543.0,34.0,male,1,own,little,rich,2864.0,18,0.0
544.0,61.0,male,1,own,little,Missing,1255.0,12,0.0
545.0,43.0,male,2,free,little,little,1333.0,24,0.0
546.0,37.0,female,2,own,little,Missing,2022.0,24,0.0
547.0,32.0,male,2,own,little,Missing,1552.0,24,0.0
548.0,24.0,female,1,own,little,little,626.0,12,0.0
549.0,35.0,male,2,free,Missing,Missing,8858.0,48,0.0
550.0,23.0,female,2,own,Missing,Missing,996.0,12,0.0
551.0,45.0,male,1,own,quite rich,Missing,1750.0,6,0.0
552.0,34.0,male,2,own,little,little,6999.0,48,0.0
553.0,27.0,male,2,own,moderate,moderate,1995.0,12,0.0
554.0,67.0,female,3,own,little,moderate,1199.0,9,0.0
555.0,22.0,male,2,own,little,moderate,1331.0,12,0.0
556.0,28.0,female,2,own,moderate,moderate,2278.0,18,0.0
557.0,29.0,female,2,own,Missing,Missing,5003.0,21,0.0
558.0,27.0,male,2,own,little,little,3552.0,24,0.0
559.0,31.0,male,1,own,little,moderate,1928.0,18,0.0
560.0,49.0,male,2,free,Missing,little,2964.0,24,0.0
561.0,24.0,male,1,rent,little,little,1546.0,24,0.0
562.0,29.0,female,2,own,little,rich,683.0,6,0.0
563.0,37.0,male,2,free,Missing,moderate,12389.0,36,0.0
564.0,37.0,male,3,own,Missing,moderate,4712.0,24,0.0
565.0,23.0,female,2,rent,moderate,moderate,1553.0,24,0.0
566.0,36.0,male,2,own,little,little,1372.0,12,0.0
567.0,34.0,male,2,own,rich,Missing,2578.0,24,0.0
568.0,41.0,male,2,own,Missing,moderate,3979.0,48,0.0
569.0,31.0,female,2,own,little,little,6758.0,48,0.0
570.0,23.0,female,1,rent,little,little,3234.0,24,0.0
571.0,38.0,male,2,own,little,Missing,5954.0,30,0.0
572.0,26.0,female,3,rent,Missing,Missing,5433.0,24,0.0
573.0,22.0,female,1,own,little,little,806.0,15,0.0
574.0,27.0,male,1,own,little,moderate,1082.0,9,0.0
575.0,24.0,female,2,own,little,Missing,2788.0,15,0.0
576.0,27.0,female,2,own,little,moderate,2930.0,12,0.0
577.0,33.0,female,2,own,Missing,Missing,1927.0,24,0.0
578.0,27.0,male,2,own,little,moderate,2820.0,36,0.0
579.0,27.0,male,1,own,little,Missing,937.0,24,0.0
580.0,30.0,male,2,own,little,moderate,1056.0,18,0.0
581.0,49.0,male,1,own,little,moderate,3124.0,12,0.0
582.0,26.0,female,2,rent,little,Missing,1388.0,9,0.0
583.0,33.0,male,1,rent,little,moderate,2384.0,36,0.0
584.0,52.0,female,3,free,Missing,Missing,2133.0,12,0.0
585.0,20.0,female,2,rent,little,little,2039.0,18,0.0
586.0,36.0,male,2,rent,little,little,2799.0,9,0.0
587.0,21.0,male,1,own,little,little,1289.0,12,0.0
588.0,47.0,male,1,own,little,little,1217.0,18,0.0
589.0,60.0,male,2,own,little,little,2246.0,12,0.0
590.0,58.0,female,1,own,little,little,385.0,12,0.0
591.0,42.0,female,2,rent,Missing,moderate,1965.0,24,0.0
592.0,36.0,female,1,own,rich,Missing,1572.0,21,0.0
593.0,20.0,female,1,rent,little,moderate,2718.0,24,0.0
594.0,40.0,male,3,own,Missing,little,1358.0,24,0.0
595.0,32.0,female,1,own,moderate,moderate,931.0,6,0.0
596.0,23.0,female,2,rent,little,little,1442.0,24,0.0
597.0,36.0,male,1,own,little,moderate,4241.0,24,0.0
598.0,31.0,male,2,own,little,Missing,2775.0,18,0.0
599.0,32.0,male,2,free,little,Missing,3863.0,24,0.0
600.0,45.0,female,2,own,little,moderate,2329.0,7,0.0
601.0,30.0,female,2,own,little,moderate,918.0,9,0.0
602.0,34.0,female,1,free,little,moderate,1837.0,24,0.0
603.0,28.0,female,3,own,little,Missing,3349.0,36,0.0
604.0,23.0,female,2,own,little,rich,1275.0,10,0.0
605.0,22.0,male,2,own,quite rich,little,2828.0,24,0.0
606.0,74.0,male,3,own,little,Missing,4526.0,24,0.0
607.0,50.0,female,2,free,moderate,moderate,2671.0,36,0.0
608.0,33.0,male,2,own,little,Missing,2051.0,18,0.0
609.0,45.0,male,2,free,Missing,Missing,1300.0,15,0.0
610.0,22.0,female,2,own,moderate,little,741.0,12,0.0
611.0,48.0,female,1,free,moderate,rich,1240.0,10,0.0
612.0,29.0,female,2,own,rich,little,3357.0,21,0.0
613.0,22.0,female,2,rent,little,little,3632.0,24,0.0
614.0,22.0,female,2,own,little,Missing,1808.0,18,0.0
615.0,48.0,male,3,own,Missing,moderate,12204.0,48,0.0
616.0,27.0,male,3,free,Missing,moderate,9157.0,60,0.0
617.0,37.0,male,2,rent,little,little,3676.0,6,0.0
618.0,21.0,female,2,rent,moderate,moderate,3441.0,30,0.0
619.0,49.0,male,1,own,little,Missing,640.0,12,0.0
620.0,27.0,male,2,own,little,moderate,3652.0,21,0.0
621.0,32.0,male,2,own,little,Missing,1530.0,18,0.0
622.0,38.0,male,2,own,Missing,Missing,3914.0,48,0.0
623.0,22.0,female,2,rent,little,little,1858.0,12,0.0
624.0,65.0,male,2,free,little,little,2600.0,18,0.0
625.0,35.0,male,2,own,Missing,Missing,1979.0,15,0.0
626.0,41.0,male,2,own,little,rich,2116.0,6,0.0
627.0,29.0,male,2,own,moderate,moderate,1437.0,9,0.0
628.0,36.0,male,2,own,quite rich,Missing,4042.0,42,0.0
629.0,64.0,male,1,own,Missing,Missing,3832.0,9,0.0
630.0,28.0,female,2,own,little,little,3660.0,24,0.0
631.0,44.0,male,2,own,little,little,1553.0,18,0.0
632.0,23.0,male,2,own,Missing,moderate,1444.0,15,0.0
633.0,19.0,female,2,rent,little,Missing,1980.0,9,0.0
634.0,25.0,female,1,own,little,moderate,1355.0,24,0.0
635.0,47.0,male,2,own,little,Missing,1393.0,12,0.0
636.0,28.0,female,2,own,quite rich,Missing,1376.0,24,0.0
637.0,21.0,male,2,own,little,Missing,15653.0,60,0.0
638.0,34.0,female,2,own,little,Missing,1493.0,12,0.0
639.0,26.0,male,2,own,little,little,4370.0,42,0.0
640.0,27.0,female,0,own,little,little,750.0,18,0.0
641.0,38.0,male,1,own,little,moderate,1308.0,15,0.0
642.0,40.0,male,3,own,moderate,Missing,4623.0,15,0.0
643.0,33.0,male,2,own,little,Missing,1851.0,24,0.0
644.0,32.0,male,3,own,little,little,1880.0,18,0.0
645.0,27.0,male,2,rent,Missing,Missing,7980.0,36,0.0
646.0,32.0,male,2,own,little,little,4583.0,30,0.0
647.0,26.0,female,2,own,quite rich,Missing,1386.0,12,0.0
648.0,38.0,male,2,free,little,rich,947.0,24,0.0
649.0,40.0,male,1,rent,little,little,684.0,12,0.0
650.0,50.0,male,3,free,little,little,7476.0,48,0.0
651.0,37.0,male,1,own,little,moderate,1922.0,12,0.0
652.0,45.0,male,2,own,little,little,2303.0,24,0.0
653.0,42.0,male,3,own,moderate,moderate,8086.0,36,0.0
654.0,35.0,male,2,own,little,Missing,2346.0,24,0.0
655.0,22.0,male,2,free,little,little,3973.0,14,0.0
656.0,41.0,male,1,own,little,moderate,888.0,12,0.0
657.0,37.0,male,2,own,Missing,Missing,10222.0,48,0.0
658.0,28.0,female,2,own,little,moderate,4221.0,30,0.0
659.0,41.0,male,2,own,little,moderate,6361.0,18,0.0
660.0,23.0,male,2,rent,little,rich,1297.0,12,0.0
661.0,23.0,male,2,own,Missing,little,900.0,12,0.0
662.0,50.0,male,2,own,little,Missing,2241.0,21,0.0
663.0,35.0,male,3,own,little,moderate,1050.0,6,0.0
664.0,50.0,female,1,own,little,rich,1047.0,6,0.0
665.0,27.0,male,3,own,little,Missing,6314.0,24,0.0
666.0,34.0,male,2,own,rich,moderate,3496.0,30,0.0
667.0,27.0,female,2,own,little,Missing,3609.0,48,0.0
668.0,43.0,male,2,rent,little,little,4843.0,12,0.0
669.0,47.0,male,2,own,little,rich,3017.0,30,0.0
670.0,27.0,male,1,own,moderate,Missing,4139.0,24,0.0
671.0,31.0,male,2,own,moderate,Missing,5742.0,36,0.0
672.0,42.0,male,3,own,little,Missing,10366.0,60,0.0
673.0,24.0,male,2,own,quite rich,Missing,2080.0,6,0.0
674.0,41.0,male,1,own,quite rich,Missing,2580.0,21,0.0
675.0,26.0,female,3,rent,little,Missing,4530.0,30,0.0
676.0,33.0,male,2,own,little,Missing,5150.0,24,0.0
677.0,24.0,male,2,own,moderate,moderate,5595.0,72,0.0
678.0,64.0,male,1,rent,little,little,2384.0,24,0.0
679.0,26.0,female,2,own,little,Missing,1453.0,18,0.0
680.0,56.0,female,2,own,little,Missing,1538.0,6,0.0
681.0,37.0,male,2,free,Missing,Missing,2279.0,12,0.0
682.0,33.0,male,2,own,little,Missing,1478.0,15,0.0
683.0,47.0,male,2,free,little,Missing,5103.0,24,0.0
684.0,31.0,male,1,own,moderate,moderate,9857.0,36,0.0
685.0,34.0,male,2,free,Missing,Missing,6527.0,60,0.0
686.0,27.0,male,2,own,Missing,rich,1347.0,10,0.0
687.0,30.0,male,2,free,moderate,moderate,2862.0,36,0.0
688.0,35.0,male,2,own,moderate,Missing,2753.0,9,0.0
689.0,31.0,male,2,own,rich,little,3651.0,12,0.0
690.0,25.0,male,2,own,little,little,975.0,15,0.0
691.0,25.0,female,1,own,moderate,moderate,2631.0,15,0.0
692.0,29.0,male,2,own,moderate,moderate,2896.0,24,0.0
693.0,44.0,male,1,own,Missing,little,4716.0,6,0.0
694.0,28.0,male,2,own,little,Missing,2284.0,24,0.0
695.0,50.0,male,2,rent,quite rich,Missing,1236.0,6,0.0
696.0,29.0,male,2,own,little,moderate,1103.0,12,0.0
697.0,38.0,female,0,own,little,Missing,926.0,12,0.0
698.0,24.0,male,2,own,little,Missing,1800.0,18,0.0
699.0,40.0,male,3,rent,little,rich,1905.0,15,0.0
700.0,29.0,female,1,rent,quite rich,Missing,1123.0,12,0.0
701.0,46.0,male,2,free,little,little,6331.0,48,0.0
702.0,47.0,female,2,free,moderate,rich,1377.0,24,0.0
703.0,41.0,male,2,own,moderate,moderate,2503.0,30,0.0
704.0,32.0,female,2,own,little,moderate,2528.0,27,0.0
705.0,35.0,female,2,free,quite rich,Missing,5324.0,15,0.0
706.0,24.0,male,2,own,moderate,moderate,6560.0,48,0.0
707.0,25.0,female,2,rent,little,moderate,2969.0,12,0.0
708.0,25.0,female,2,own,little,moderate,1206.0,9,0.0
709.0,37.0,male,1,own,little,moderate,2118.0,9,0.0
710.0,32.0,male,3,own,quite rich,Missing,629.0,18,0.0
711.0,35.0,female,2,free,little,little,1198.0,6,0.0
712.0,46.0,male,3,own,Missing,Missing,2476.0,21,0.0
713.0,25.0,male,1,own,little,little,1138.0,9,0.0
714.0,27.0,male,3,own,little,moderate,14027.0,60,0.0
715.0,63.0,male,2,own,Missing,Missing,7596.0,30,0.0
716.0,40.0,male,2,own,Missing,Missing,3077.0,30,0.0
717.0,32.0,male,3,free,little,Missing,1505.0,18,0.0
718.0,31.0,male,2,own,Missing,rich,3148.0,24,0.0
719.0,31.0,male,2,own,moderate,moderate,6148.0,20,0.0
720.0,34.0,male,3,own,little,rich,1337.0,9,0.0
721.0,24.0,female,2,rent,rich,moderate,433.0,6,0.0
722.0,24.0,female,1,own,little,little,1228.0,12,0.0
723.0,66.0,female,1,own,quite rich,moderate,790.0,9,0.0
724.0,21.0,female,2,rent,little,Missing,2570.0,27,0.0
725.0,41.0,female,1,own,rich,Missing,250.0,6,0.0
726.0,47.0,male,1,own,quite rich,Missing,1316.0,15,0.0
727.0,25.0,female,2,rent,little,little,1882.0,18,0.0
728.0,59.0,female,2,rent,little,moderate,6416.0,48,0.0
729.0,36.0,male,2,own,rich,rich,1275.0,24,0.0
730.0,33.0,male,2,own,little,moderate,6403.0,24,0.0
731.0,21.0,male,1,rent,little,little,1987.0,24,0.0
732.0,44.0,female,1,own,little,moderate,760.0,8,0.0
733.0,28.0,female,2,rent,rich,Missing,2603.0,24,0.0
734.0,37.0,female,2,own,little,Missing,3380.0,4,0.0
735.0,29.0,female,0,own,Missing,moderate,3990.0,36,0.0
736.0,23.0,female,3,rent,little,moderate,11560.0,24,0.0
737.0,35.0,male,1,own,moderate,little,4380.0,18,0.0
738.0,45.0,male,3,own,little,Missing,6761.0,6,0.0
739.0,26.0,female,1,rent,moderate,moderate,4280.0,30,0.0
740.0,32.0,male,2,own,moderate,little,2325.0,24,0.0
741.0,23.0,male,1,own,little,moderate,1048.0,10,0.0
742.0,41.0,male,2,own,Missing,Missing,3160.0,21,0.0
743.0,22.0,male,2,own,quite rich,little,2483.0,24,0.0
744.0,30.0,male,3,own,Missing,little,14179.0,39,0.0
745.0,28.0,male,1,own,little,little,1797.0,13,0.0
746.0,23.0,female,2,rent,little,little,2511.0,15,0.0
747.0,37.0,female,1,own,little,little,1274.0,12,0.0
748.0,26.0,male,2,own,Missing,Missing,5248.0,21,0.0
749.0,33.0,male,2,own,little,Missing,3029.0,15,0.0
750.0,49.0,female,2,own,little,little,428.0,6,0.0
751.0,23.0,female,1,own,little,little,976.0,18,0.0
752.0,23.0,female,1,rent,moderate,moderate,841.0,12,0.0
753.0,25.0,female,2,own,little,Missing,5771.0,30,0.0
754.0,55.0,male,2,free,rich,Missing,1555.0,12,0.0
755.0,32.0,female,2,rent,Missing,little,1285.0,24,0.0
756.0,74.0,male,0,own,little,rich,1299.0,6,0.0
757.0,39.0,male,2,free,Missing,rich,1271.0,15,0.0
758.0,31.0,male,2,own,little,Missing,1393.0,24,0.0
759.0,35.0,male,2,own,little,little,691.0,12,0.0
760.0,59.0,female,2,own,Missing,Missing,5045.0,15,0.0
761.0,24.0,female,2,rent,little,little,2124.0,18,0.0
762.0,24.0,male,1,own,little,little,2214.0,12,0.0
763.0,30.0,male,3,free,Missing,Missing,12680.0,21,0.0
764.0,27.0,male,2,own,moderate,Missing,2463.0,24,0.0
765.0,40.0,male,1,own,little,moderate,1155.0,12,0.0
766.0,31.0,male,1,own,little,little,3108.0,30,0.0
767.0,31.0,female,2,rent,Missing,Missing,2901.0,10,0.0
768.0,28.0,male,2,rent,little,moderate,3617.0,12,0.0
769.0,63.0,male,1,own,little,Missing,1655.0,12,0.0
770.0,26.0,female,2,rent,Missing,little,2812.0,24,0.0
771.0,25.0,female,3,own,little,little,8065.0,36,0.0
772.0,36.0,male,3,own,little,Missing,3275.0,21,0.0
773.0,52.0,male,2,own,moderate,Missing,2223.0,24,0.0
774.0,66.0,male,0,free,quite rich,rich,1480.0,12,0.0
775.0,25.0,female,2,rent,Missing,little,1371.0,24,0.0
776.0,37.0,male,2,own,little,Missing,3535.0,36,0.0
777.0,25.0,female,2,own,little,little,3509.0,18,0.0
778.0,38.0,male,3,own,rich,Missing,5711.0,36,0.0
779.0,67.0,female,2,own,little,moderate,3872.0,18,0.0
780.0,25.0,male,2,own,little,moderate,4933.0,39,0.0
781.0,60.0,male,2,own,rich,Missing,1940.0,24,0.0
782.0,31.0,male,1,own,little,moderate,1410.0,12,0.0
783.0,23.0,female,1,own,moderate,moderate,836.0,12,0.0
784.0,60.0,male,3,own,Missing,moderate,6468.0,20,0.0
785.0,35.0,male,1,own,rich,moderate,1941.0,18,0.0
786.0,40.0,male,2,own,quite rich,Missing,2675.0,22,0.0
787.0,38.0,male,2,own,Missing,Missing,2751.0,48,0.0
788.0,50.0,male,2,free,little,moderate,6224.0,48,0.0
789.0,27.0,male,2,own,little,little,5998.0,40,0.0
790.0,39.0,female,2,own,little,moderate,1188.0,21,0.0
791.0,41.0,male,3,own,Missing,Missing,6313.0,24,0.0
792.0,27.0,male,2,own,Missing,Missing,1221.0,6,0.0
793.0,51.0,male,2,free,little,rich,2892.0,24,0.0
794.0,32.0,male,2,rent,quite rich,Missing,3062.0,24,0.0
795.0,22.0,female,2,rent,moderate,Missing,2301.0,9,0.0
796.0,51.0,male,2,free,Missing,little,7511.0,18,0.0
797.0,22.0,female,1,rent,little,Missing,1258.0,12,0.0
798.0,54.0,male,2,own,Missing,Missing,717.0,24,0.0
799.0,35.0,male,0,own,Missing,moderate,1549.0,9,0.0
800.0,54.0,male,2,free,little,Missing,1597.0,24,0.0
801.0,48.0,female,1,rent,little,moderate,1795.0,18,0.0
802.0,24.0,female,2,own,little,little,4272.0,20,0.0
803.0,35.0,male,2,own,Missing,Missing,976.0,12,0.0
804.0,24.0,female,0,rent,Missing,moderate,7472.0,12,0.0
805.0,24.0,male,2,own,little,little,9271.0,36,0.0
806.0,26.0,male,1,own,little,moderate,590.0,6,0.0
807.0,65.0,male,2,own,Missing,Missing,930.0,12,0.0
808.0,55.0,male,3,free,little,moderate,9283.0,42,0.0
809.0,26.0,female,0,rent,little,moderate,1778.0,15,0.0
810.0,26.0,male,2,own,little,moderate,907.0,8,0.0
811.0,28.0,male,1,own,little,moderate,484.0,6,0.0
812.0,24.0,male,2,own,little,little,9629.0,36,0.0
813.0,54.0,male,2,own,little,little,3051.0,48,0.0
814.0,46.0,male,2,free,little,little,3931.0,48,0.0
815.0,54.0,female,2,rent,little,moderate,7432.0,36,0.0
816.0,62.0,male,2,own,quite rich,Missing,1338.0,6,0.0
817.0,24.0,female,2,rent,little,Missing,1554.0,6,0.0
818.0,43.0,male,3,own,little,little,15857.0,36,0.0
819.0,26.0,male,2,own,little,little,1345.0,18,0.0
820.0,27.0,male,2,own,little,Missing,1101.0,12,0.0
821.0,24.0,male,2,own,little,rich,3016.0,12,0.0
822.0,41.0,male,2,own,little,little,2712.0,36,0.0
823.0,47.0,male,1,own,little,little,731.0,8,0.0
824.0,35.0,male,3,own,little,Missing,3780.0,18,0.0
825.0,30.0,male,2,own,little,little,1602.0,21,0.0
826.0,33.0,female,2,rent,little,little,3966.0,18,0.0
827.0,36.0,male,2,own,little,Missing,4165.0,18,0.0
828.0,47.0,male,2,free,Missing,little,8335.0,36,0.0
829.0,38.0,male,2,free,Missing,moderate,6681.0,48,0.0
830.0,44.0,male,2,own,quite rich,Missing,2375.0,24,0.0
831.0,23.0,female,2,rent,little,little,1216.0,18,0.0
832.0,29.0,male,2,rent,little,little,11816.0,45,0.0
833.0,42.0,female,2,own,Missing,moderate,5084.0,24,0.0
834.0,25.0,female,1,own,little,rich,2327.0,15,0.0
835.0,48.0,male,2,own,little,little,1082.0,12,0.0
836.0,21.0,female,2,own,Missing,Missing,886.0,12,0.0
837.0,23.0,female,1,rent,little,Missing,601.0,4,0.0
838.0,63.0,male,2,own,little,little,2957.0,24,0.0
839.0,46.0,male,2,own,little,Missing,2611.0,24,0.0
840.0,29.0,male,2,own,little,little,5179.0,36,0.0
841.0,28.0,male,1,own,little,Missing,2993.0,21,0.0
842.0,23.0,female,2,own,little,Missing,1943.0,18,0.0
843.0,50.0,male,2,own,little,Missing,1559.0,24,0.0
844.0,47.0,male,2,own,little,Missing,3422.0,18,0.0
845.0,35.0,male,2,own,Missing,moderate,3976.0,21,0.0
846.0,68.0,male,2,rent,Missing,Missing,6761.0,18,0.0
847.0,28.0,male,2,own,little,Missing,1249.0,24,0.0
848.0,59.0,male,2,own,little,little,1364.0,9,0.0
849.0,57.0,male,1,own,little,little,709.0,12,0.0
850.0,33.0,male,2,rent,little,little,2235.0,20,0.0
851.0,43.0,male,2,own,Missing,Missing,4042.0,24,0.0
852.0,35.0,male,2,free,little,Missing,1471.0,15,0.0
853.0,32.0,male,1,free,little,little,1442.0,18,0.0
854.0,45.0,male,2,own,little,Missing,10875.0,36,0.0
855.0,33.0,male,2,own,moderate,Missing,1474.0,24,0.0
856.0,40.0,female,2,own,Missing,Missing,894.0,10,0.0
857.0,28.0,male,2,free,little,Missing,3343.0,15,0.0
858.0,29.0,female,2,own,little,little,3959.0,15,0.0
859.0,26.0,male,2,rent,moderate,Missing,3577.0,9,0.0
860.0,27.0,male,2,own,rich,Missing,5804.0,24,0.0
861.0,28.0,male,2,own,little,Missing,2169.0,18,0.0
862.0,35.0,female,2,own,little,little,2439.0,24,0.0
863.0,32.0,male,1,own,rich,Missing,4526.0,27,0.0
864.0,25.0,male,1,rent,little,Missing,2210.0,10,0.0
865.0,20.0,female,2,rent,quite rich,Missing,2221.0,15,0.0
866.0,27.0,female,2,own,little,little,2389.0,18,0.0
867.0,42.0,male,2,own,little,Missing,3331.0,12,0.0
868.0,37.0,male,2,own,Missing,Missing,7409.0,36,0.0
869.0,24.0,female,2,rent,little,little,652.0,12,0.0
870.0,40.0,female,2,own,quite rich,Missing,7678.0,36,0.0
871.0,46.0,male,2,own,little,rich,1343.0,6,0.0
872.0,26.0,male,2,own,moderate,little,1382.0,24,0.0
873.0,24.0,female,2,own,Missing,Missing,874.0,15,0.0
874.0,29.0,male,1,own,little,little,3590.0,12,0.0
875.0,40.0,female,2,own,rich,moderate,1322.0,11,0.0
876.0,36.0,male,3,free,little,little,1940.0,18,0.0
877.0,28.0,male,2,own,little,Missing,3595.0,36,0.0
878.0,27.0,male,3,free,little,little,1422.0,9,0.0
879.0,36.0,male,2,own,Missing,Missing,6742.0,30,0.0
880.0,38.0,male,3,own,little,Missing,7814.0,24,0.0
881.0,48.0,male,2,free,Missing,Missing,9277.0,24,0.0
882.0,36.0,male,2,own,Missing,moderate,2181.0,30,0.0
883.0,65.0,female,0,own,little,Missing,1098.0,18,0.0
884.0,43.0,male,2,own,little,moderate,4057.0,24,0.0
885.0,53.0,female,2,own,little,little,795.0,12,0.0
886.0,34.0,male,2,own,Missing,moderate,2825.0,24,0.0
887.0,23.0,male,2,own,little,moderate,15672.0,48,0.0
888.0,34.0,male,3,own,little,Missing,6614.0,36,0.0
889.0,40.0,male,2,rent,Missing,Missing,7824.0,28,0.0
890.0,43.0,male,3,own,little,little,2442.0,27,0.0
891.0,46.0,male,2,own,little,Missing,1829.0,15,0.0
892.0,38.0,male,1,own,little,little,2171.0,12,0.0
893.0,34.0,male,2,own,little,moderate,5800.0,36,0.0
894.0,29.0,male,2,own,Missing,Missing,1169.0,18,0.0
895.0,31.0,male,3,own,Missing,Missing,8947.0,36,0.0
896.0,28.0,female,3,rent,little,little,2606.0,21,0.0
897.0,35.0,female,2,own,rich,Missing,1592.0,12,0.0
898.0,33.0,female,1,rent,Missing,Missing,2186.0,15,0.0
899.0,42.0,male,2,own,little,little,4153.0,18,0.0
900.0,43.0,male,2,rent,little,little,2625.0,16,0.0
901.0,44.0,male,2,own,Missing,Missing,3485.0,20,0.0
902.0,42.0,male,2,free,Missing,Missing,10477.0,36,0.0
903.0,40.0,male,2,rent,Missing,Missing,1386.0,15,0.0
904.0,36.0,male,3,own,little,Missing,1278.0,24,0.0
905.0,20.0,male,3,rent,little,little,1107.0,12,0.0
906.0,24.0,male,1,own,Missing,little,3763.0,21,0.0
907.0,27.0,male,2,own,Missing,moderate,3711.0,36,0.0
908.0,46.0,female,1,own,little,Missing,3594.0,15,0.0
909.0,33.0,female,1,own,Missing,moderate,3195.0,9,0.0
910.0,34.0,female,2,own,little,Missing,4454.0,36,0.0
911.0,25.0,female,1,own,little,moderate,4736.0,24,0.0
912.0,25.0,female,2,own,Missing,moderate,2991.0,30,0.0
913.0,28.0,male,2,own,rich,Missing,2142.0,11,0.0
914.0,31.0,male,2,rent,little,little,3161.0,24,0.0
915.0,32.0,female,3,own,little,moderate,18424.0,48,0.0
916.0,32.0,male,2,own,moderate,Missing,2848.0,10,0.0
917.0,68.0,male,3,own,little,little,14896.0,6,0.0
918.0,33.0,male,2,own,moderate,little,2359.0,24,0.0
919.0,39.0,male,3,rent,little,little,3345.0,24,0.0
920.0,28.0,female,2,own,little,Missing,1817.0,18,0.0
921.0,37.0,male,3,own,quite rich,Missing,12749.0,48,0.0
922.0,22.0,female,2,rent,little,little,1366.0,9,0.0
923.0,30.0,male,2,rent,little,moderate,2002.0,12,0.0
924.0,55.0,male,2,own,little,little,6872.0,24,0.0
925.0,46.0,male,2,own,little,little,697.0,12,0.0
926.0,21.0,female,2,rent,little,little,1049.0,18,0.0
927.0,39.0,male,2,free,little,little,10297.0,48,0.0
928.0,58.0,male,2,own,Missing,Missing,1867.0,30,0.0
929.0,43.0,male,1,own,little,little,1344.0,12,0.0
930.0,24.0,male,1,own,little,little,1747.0,24,0.0
931.0,22.0,female,2,own,little,moderate,1670.0,9,0.0
932.0,30.0,male,2,own,little,Missing,1224.0,9,0.0
933.0,42.0,male,2,own,quite rich,Missing,522.0,12,0.0
934.0,23.0,female,2,own,little,little,1498.0,12,0.0
935.0,30.0,male,3,own,moderate,moderate,1919.0,30,0.0
936.0,28.0,female,1,own,little,rich,745.0,9,0.0
937.0,30.0,male,3,rent,little,moderate,2063.0,6,0.0
938.0,42.0,male,2,free,little,moderate,6288.0,60,0.0
939.0,46.0,male,3,own,Missing,Missing,6842.0,24,0.0
940.0,45.0,male,3,own,Missing,Missing,3527.0,12,0.0
941.0,31.0,male,1,own,little,Missing,1546.0,10,0.0
942.0,31.0,male,2,own,Missing,Missing,929.0,24,0.0
943.0,42.0,male,1,own,little,Missing,1455.0,4,0.0
944.0,46.0,female,2,rent,little,little,1845.0,15,0.0
945.0,30.0,female,2,own,quite rich,moderate,8358.0,48,0.0
946.0,30.0,male,2,free,quite rich,little,3349.0,24,0.0
947.0,38.0,male,3,own,Missing,Missing,2859.0,12,0.0
948.0,43.0,male,1,own,little,Missing,1533.0,18,0.0
949.0,31.0,male,2,own,moderate,Missing,3621.0,24,0.0
950.0,40.0,male,0,own,little,moderate,3590.0,18,0.0
951.0,24.0,male,2,own,little,little,2145.0,36,0.0
952.0,28.0,female,2,rent,quite rich,moderate,4113.0,24,0.0
953.0,26.0,female,3,own,little,Missing,10974.0,36,0.0
954.0,29.0,female,2,own,little,little,1893.0,12,0.0
955.0,57.0,female,3,rent,rich,little,1231.0,24,0.0
956.0,49.0,male,1,own,Missing,rich,3656.0,30,0.0
957.0,37.0,male,1,own,little,moderate,1154.0,9,0.0
958.0,45.0,male,1,own,little,little,4006.0,28,0.0
959.0,30.0,male,2,free,moderate,moderate,3069.0,24,0.0
960.0,30.0,male,2,rent,little,Missing,1740.0,6,0.0
961.0,47.0,male,2,own,little,moderate,2353.0,21,0.0
962.0,29.0,male,2,own,Missing,Missing,3556.0,15,0.0
963.0,35.0,male,2,own,quite rich,Missing,2397.0,24,0.0
964.0,22.0,male,1,own,little,moderate,454.0,6,0.0
965.0,26.0,female,2,own,Missing,moderate,1715.0,30,0.0
966.0,23.0,male,1,own,quite rich,moderate,2520.0,27,0.0
967.0,54.0,female,3,rent,little,Missing,3568.0,15,0.0
968.0,29.0,male,2,rent,Missing,Missing,7166.0,42,0.0
969.0,40.0,male,1,own,little,little,3939.0,11,0.0
970.0,22.0,male,2,own,moderate,moderate,1514.0,15,0.0
971.0,43.0,male,1,own,little,Missing,7393.0,24,0.0
972.0,29.0,female,0,rent,little,little,1193.0,24,0.0
973.0,36.0,male,2,rent,little,little,7297.0,60,0.0
974.0,33.0,female,2,own,little,Missing,2831.0,30,0.0
975.0,57.0,female,1,own,quite rich,rich,1258.0,24,0.0
976.0,64.0,female,2,own,little,moderate,753.0,6,0.0
977.0,42.0,male,2,own,Missing,moderate,2427.0,18,0.0
978.0,47.0,male,1,own,little,Missing,2538.0,24,0.0
979.0,25.0,male,2,rent,moderate,moderate,1264.0,15,0.0
980.0,49.0,male,2,own,little,moderate,8386.0,30,0.0
981.0,33.0,male,3,rent,little,Missing,4844.0,48,0.0
982.0,28.0,female,3,own,moderate,rich,2923.0,21,0.0
983.0,26.0,male,2,own,little,little,8229.0,36,0.0
984.0,30.0,male,1,own,little,Missing,2028.0,24,0.0
985.0,25.0,female,2,rent,little,little,1433.0,15,0.0
986.0,33.0,male,2,own,little,rich,6289.0,42,0.0
987.0,64.0,female,2,own,moderate,Missing,1409.0,13,0.0
988.0,29.0,male,3,free,little,little,6579.0,24,0.0
989.0,48.0,male,1,own,little,moderate,1743.0,24,0.0
990.0,37.0,male,1,own,Missing,Missing,3565.0,12,0.0
991.0,34.0,male,1,own,moderate,Missing,1569.0,15,0.0
992.0,23.0,male,1,rent,Missing,little,1936.0,18,0.0
993.0,30.0,male,3,own,little,little,3959.0,36,0.0
994.0,50.0,male,2,own,Missing,Missing,2390.0,12,0.0
995.0,31.0,female,1,own,little,Missing,1736.0,12,0.0
996.0,40.0,male,3,own,little,little,3857.0,30,0.0
997.0,38.0,male,2,own,little,Missing,804.0,12,0.0
998.0,23.0,male,2,free,little,little,1845.0,45,0.0
999.0,27.0,male,2,own,moderate,moderate,4576.0,45,0.0
